QR_ID,Owner_ID,Vehicle_Number,Masked_Contact,Registered_City
QR0001,USER0001,TN92AB6556,98XXXX3539,Hyderabad
QR0002,USER0002,TN15AB8007,98XXXX6904,Pune
QR0003,USER0003,TN59AB4791,98XXXX2815,Pune
QR0004,USER0004,TN31AB9962,98XXXX5910,Pune
QR0005,USER0005,TN70AB3353,98XXXX5127,Mumbai
QR0006,USER0006,TN85AB2209,98XXXX7403,Mumbai
QR0007,USER0007,TN76AB8709,98XXXX6332,Kochi
QR0008,USER0008,TN62AB8550,98XXXX9210,Bangalore
QR0009,USER0009,TN32AB2204,98XXXX8282,Bangalore
QR0010,USER0010,TN76AB2393,98XXXX2391,Kochi
QR0011,USER0011,TN67AB5961,98XXXX9938,Hyderabad
QR0012,USER0012,TN10AB7842,98XXXX8679,Pune
QR0013,USER0013,TN67AB3051,98XXXX4960,Bangalore
QR0014,USER0014,TN59AB5865,98XXXX6441,Pune
QR0015,USER0015,TN97AB1989,98XXXX7874,Mumbai
QR0016,USER0016,TN44AB1129,98XXXX4949,Hyderabad
QR0017,USER0017,TN32AB7683,98XXXX6854,Kochi
QR0018,USER0018,TN54AB1346,98XXXX6937,Pune
QR0019,USER0019,TN41AB2915,98XXXX9060,Mumbai
QR0020,USER0020,TN55AB5357,98XXXX4086,Kochi
QR0021,USER0021,TN40AB8389,98XXXX4246,Chennai
QR0022,USER0022,TN72AB7050,98XXXX5575,Delhi
QR0023,USER0023,TN50AB1487,98XXXX5612,Mumbai
QR0024,USER0024,TN26AB5602,98XXXX1452,Mumbai
QR0025,USER0025,TN89AB8292,98XXXX4090,Pune
QR0026,USER0026,TN11AB9593,98XXXX2079,Hyderabad
QR0027,USER0027,TN26AB7772,98XXXX4866,Bangalore
QR0028,USER0028,TN76AB8871,98XXXX4691,Chennai
QR0029,USER0029,TN39AB7668,98XXXX6417,Delhi
QR0030,USER0030,TN36AB8288,98XXXX4610,Pune
QR0031,USER0031,TN99AB2061,98XXXX2589,Mumbai
QR0032,USER0032,TN56AB5684,98XXXX3013,Hyderabad
QR0033,USER0033,TN58AB3280,98XXXX5048,Hyderabad
QR0034,USER0034,TN87AB9357,98XXXX2834,Chennai
QR0035,USER0035,TN56AB8752,98XXXX4643,Bangalore
QR0036,USER0036,TN83AB7532,98XXXX3853,Pune
QR0037,USER0037,TN95AB1065,98XXXX7748,Bangalore
QR0038,USER0038,TN36AB1428,98XXXX7919,Pune
QR0039,USER0039,TN42AB7633,98XXXX9874,Bangalore
QR0040,USER0040,TN67AB7552,98XXXX7201,Chennai
QR0041,USER0041,TN60AB2782,98XXXX6165,Kochi
QR0042,USER0042,TN92AB9861,98XXXX2195,Mumbai
QR0043,USER0043,TN91AB8366,98XXXX9541,Chennai
QR0044,USER0044,TN52AB6820,98XXXX9987,Chennai
QR0045,USER0045,TN91AB5689,98XXXX1280,Pune
QR0046,USER0046,TN47AB6271,98XXXX2771,Delhi
QR0047,USER0047,TN25AB1204,98XXXX1175,Hyderabad
QR0048,USER0048,TN97AB3039,98XXXX6741,Mumbai
QR0049,USER0049,TN73AB8266,98XXXX5663,Bangalore
QR0050,USER0050,TN76AB9772,98XXXX6762,Hyderabad
QR0051,USER0051,TN35AB1983,98XXXX1439,Pune
QR0052,USER0052,TN95AB8595,98XXXX1804,Bangalore
QR0053,USER0053,TN55AB4568,98XXXX6578,Chennai
QR0054,USER0054,TN95AB6404,98XXXX6020,Chennai
QR0055,USER0055,TN49AB8800,98XXXX8831,Mumbai
QR0056,USER0056,TN33AB8597,98XXXX5271,Kochi
QR0057,USER0057,TN67AB7566,98XXXX4257,Delhi
QR0058,USER0058,TN92AB2778,98XXXX9883,Hyderabad
QR0059,USER0059,TN16AB5387,98XXXX9965,Pune
QR0060,USER0060,TN29AB1764,98XXXX9212,Kochi
QR0061,USER0061,TN51AB6052,98XXXX2344,Kochi
QR0062,USER0062,TN39AB6445,98XXXX3517,Kochi
QR0063,USER0063,TN44AB3526,98XXXX5665,Pune
QR0064,USER0064,TN73AB6950,98XXXX2953,Bangalore
QR0065,USER0065,TN71AB1614,98XXXX7371,Kochi
QR0066,USER0066,TN15AB9605,98XXXX7608,Delhi
QR0067,USER0067,TN70AB3121,98XXXX1086,Mumbai
QR0068,USER0068,TN79AB6179,98XXXX4206,Hyderabad
QR0069,USER0069,TN18AB9417,98XXXX2129,Bangalore
QR0070,USER0070,TN71AB1052,98XXXX3846,Chennai
QR0071,USER0071,TN62AB6588,98XXXX6723,Hyderabad
QR0072,USER0072,TN90AB6118,98XXXX1210,Bangalore
QR0073,USER0073,TN21AB5640,98XXXX1245,Delhi
QR0074,USER0074,TN80AB8234,98XXXX1015,Mumbai
QR0075,USER0075,TN34AB4169,98XXXX5349,Hyderabad
QR0076,USER0076,TN37AB6560,98XXXX4107,Hyderabad
QR0077,USER0077,TN25AB2103,98XXXX6954,Hyderabad
QR0078,USER0078,TN56AB4422,98XXXX8978,Chennai
QR0079,USER0079,TN99AB7034,98XXXX5978,Pune
QR0080,USER0080,TN74AB7744,98XXXX6632,Pune
QR0081,USER0081,TN50AB8042,98XXXX4599,Hyderabad
QR0082,USER0082,TN40AB7393,98XXXX6333,Pune
QR0083,USER0083,TN23AB8179,98XXXX3393,Hyderabad
QR0084,USER0084,TN83AB1105,98XXXX4543,Bangalore
QR0085,USER0085,TN34AB9738,98XXXX9339,Bangalore
QR0086,USER0086,TN55AB5814,98XXXX5024,Delhi
QR0087,USER0087,TN47AB5101,98XXXX3226,Chennai
QR0088,USER0088,TN99AB9578,98XXXX8873,Mumbai
QR0089,USER0089,TN30AB9983,98XXXX6381,Chennai
QR0090,USER0090,TN68AB3550,98XXXX1418,Mumbai
QR0091,USER0091,TN12AB9057,98XXXX4730,Pune
QR0092,USER0092,TN23AB2790,98XXXX2409,Kochi
QR0093,USER0093,TN12AB4711,98XXXX2500,Bangalore
QR0094,USER0094,TN29AB7446,98XXXX7129,Hyderabad
QR0095,USER0095,TN29AB8412,98XXXX7735,Delhi
QR0096,USER0096,TN58AB1432,98XXXX2980,Chennai
QR0097,USER0097,TN23AB1118,98XXXX3517,Delhi
QR0098,USER0098,TN68AB6444,98XXXX8217,Bangalore
QR0099,USER0099,TN57AB4547,98XXXX5285,Delhi
QR0100,USER0100,TN94AB4383,98XXXX6731,Pune
QR0101,USER0101,TN54AB8368,98XXXX4128,Bangalore
QR0102,USER0102,TN25AB3342,98XXXX5915,Bangalore
QR0103,USER0103,TN18AB1408,98XXXX7603,Bangalore
QR0104,USER0104,TN70AB9927,98XXXX9352,Chennai
QR0105,USER0105,TN85AB2594,98XXXX1897,Bangalore
QR0106,USER0106,TN95AB2456,98XXXX2550,Mumbai
QR0107,USER0107,TN73AB2887,98XXXX8069,Mumbai
QR0108,USER0108,TN75AB2096,98XXXX4266,Bangalore
QR0109,USER0109,TN53AB5426,98XXXX3720,Hyderabad
QR0110,USER0110,TN22AB2298,98XXXX8173,Hyderabad
QR0111,USER0111,TN92AB6114,98XXXX2834,Hyderabad
QR0112,USER0112,TN63AB7538,98XXXX9137,Chennai
QR0113,USER0113,TN32AB5665,98XXXX1715,Mumbai
QR0114,USER0114,TN54AB2076,98XXXX9231,Bangalore
QR0115,USER0115,TN85AB7931,98XXXX4107,Bangalore
QR0116,USER0116,TN83AB6894,98XXXX7308,Hyderabad
QR0117,USER0117,TN68AB9599,98XXXX6657,Mumbai
QR0118,USER0118,TN61AB7192,98XXXX8757,Delhi
QR0119,USER0119,TN83AB5275,98XXXX6055,Chennai
QR0120,USER0120,TN98AB3188,98XXXX9872,Mumbai
QR0121,USER0121,TN57AB7523,98XXXX9919,Hyderabad
QR0122,USER0122,TN46AB3136,98XXXX6349,Kochi
QR0123,USER0123,TN76AB3059,98XXXX4067,Mumbai
QR0124,USER0124,TN45AB7525,98XXXX2304,Chennai
QR0125,USER0125,TN12AB1145,98XXXX3476,Delhi
QR0126,USER0126,TN12AB6737,98XXXX9594,Chennai
QR0127,USER0127,TN38AB9012,98XXXX8876,Delhi
QR0128,USER0128,TN82AB8647,98XXXX5278,Chennai
QR0129,USER0129,TN40AB6686,98XXXX2087,Chennai
QR0130,USER0130,TN57AB3242,98XXXX8334,Chennai
QR0131,USER0131,TN56AB7762,98XXXX4572,Delhi
QR0132,USER0132,TN73AB3394,98XXXX2479,Mumbai
QR0133,USER0133,TN17AB7072,98XXXX4285,Bangalore
QR0134,USER0134,TN31AB8777,98XXXX8234,Bangalore
QR0135,USER0135,TN90AB7542,98XXXX7821,Mumbai
QR0136,USER0136,TN97AB1195,98XXXX1995,Delhi
QR0137,USER0137,TN21AB3137,98XXXX2760,Bangalore
QR0138,USER0138,TN67AB7787,98XXXX5537,Mumbai
QR0139,USER0139,TN77AB1022,98XXXX2828,Hyderabad
QR0140,USER0140,TN32AB9403,98XXXX5822,Chennai
QR0141,USER0141,TN62AB5071,98XXXX3870,Mumbai
QR0142,USER0142,TN78AB2590,98XXXX4347,Bangalore
QR0143,USER0143,TN98AB4953,98XXXX2832,Pune
QR0144,USER0144,TN46AB4920,98XXXX4336,Bangalore
QR0145,USER0145,TN51AB6070,98XXXX3998,Bangalore
QR0146,USER0146,TN39AB8432,98XXXX2866,Hyderabad
QR0147,USER0147,TN86AB9649,98XXXX8797,Hyderabad
QR0148,USER0148,TN37AB4137,98XXXX9227,Hyderabad
QR0149,USER0149,TN95AB5300,98XXXX1841,Chennai
QR0150,USER0150,TN95AB8294,98XXXX9289,Delhi
QR0151,USER0151,TN75AB9546,98XXXX2567,Hyderabad
QR0152,USER0152,TN79AB7164,98XXXX3354,Bangalore
QR0153,USER0153,TN49AB1268,98XXXX4120,Kochi
QR0154,USER0154,TN96AB9155,98XXXX6565,Delhi
QR0155,USER0155,TN89AB6297,98XXXX7623,Delhi
QR0156,USER0156,TN21AB4555,98XXXX5480,Pune
QR0157,USER0157,TN33AB6302,98XXXX7449,Chennai
QR0158,USER0158,TN98AB4282,98XXXX9359,Pune
QR0159,USER0159,TN80AB5194,98XXXX9649,Pune
QR0160,USER0160,TN98AB7483,98XXXX9204,Mumbai
QR0161,USER0161,TN71AB5769,98XXXX1003,Chennai
QR0162,USER0162,TN49AB6841,98XXXX2894,Pune
QR0163,USER0163,TN73AB6354,98XXXX9946,Mumbai
QR0164,USER0164,TN17AB5617,98XXXX9960,Mumbai
QR0165,USER0165,TN11AB5774,98XXXX7991,Kochi
QR0166,USER0166,TN53AB7806,98XXXX7232,Hyderabad
QR0167,USER0167,TN37AB4544,98XXXX2633,Hyderabad
QR0168,USER0168,TN94AB8095,98XXXX3134,Bangalore
QR0169,USER0169,TN91AB2764,98XXXX5000,Delhi
QR0170,USER0170,TN27AB8200,98XXXX8146,Pune
QR0171,USER0171,TN27AB5449,98XXXX9966,Pune
QR0172,USER0172,TN36AB9109,98XXXX1731,Mumbai
QR0173,USER0173,TN23AB5478,98XXXX6298,Mumbai
QR0174,USER0174,TN80AB1441,98XXXX5537,Bangalore
QR0175,USER0175,TN52AB3805,98XXXX7220,Pune
QR0176,USER0176,TN78AB8159,98XXXX5710,Kochi
QR0177,USER0177,TN80AB3859,98XXXX8143,Kochi
QR0178,USER0178,TN56AB8107,98XXXX8933,Chennai
QR0179,USER0179,TN13AB6257,98XXXX9304,Kochi
QR0180,USER0180,TN42AB9108,98XXXX7112,Hyderabad
QR0181,USER0181,TN45AB5940,98XXXX7343,Bangalore
QR0182,USER0182,TN89AB1511,98XXXX2358,Kochi
QR0183,USER0183,TN36AB3664,98XXXX2742,Chennai
QR0184,USER0184,TN49AB5057,98XXXX3065,Chennai
QR0185,USER0185,TN42AB2135,98XXXX9291,Mumbai
QR0186,USER0186,TN42AB7608,98XXXX6962,Hyderabad
QR0187,USER0187,TN18AB9778,98XXXX5480,Delhi
QR0188,USER0188,TN64AB3375,98XXXX6117,Mumbai
QR0189,USER0189,TN22AB7877,98XXXX9549,Hyderabad
QR0190,USER0190,TN94AB4134,98XXXX4402,Delhi
QR0191,USER0191,TN62AB3533,98XXXX2680,Mumbai
QR0192,USER0192,TN15AB9010,98XXXX9020,Pune
QR0193,USER0193,TN51AB2186,98XXXX1691,Mumbai
QR0194,USER0194,TN26AB4758,98XXXX5346,Kochi
QR0195,USER0195,TN36AB3779,98XXXX8960,Mumbai
QR0196,USER0196,TN62AB8234,98XXXX7852,Hyderabad
QR0197,USER0197,TN60AB1972,98XXXX2236,Hyderabad
QR0198,USER0198,TN22AB9720,98XXXX7708,Mumbai
QR0199,USER0199,TN95AB4499,98XXXX3982,Pune
QR0200,USER0200,TN85AB6519,98XXXX9945,Hyderabad
QR0201,USER0201,TN32AB7974,98XXXX6340,Pune
QR0202,USER0202,TN39AB9108,98XXXX7917,Hyderabad
QR0203,USER0203,TN83AB7067,98XXXX4227,Kochi
QR0204,USER0204,TN10AB5306,98XXXX1207,Chennai
QR0205,USER0205,TN90AB1427,98XXXX2962,Chennai
QR0206,USER0206,TN50AB7725,98XXXX3129,Bangalore
QR0207,USER0207,TN18AB5718,98XXXX4479,Bangalore
QR0208,USER0208,TN77AB9338,98XXXX5329,Delhi
QR0209,USER0209,TN67AB6530,98XXXX2320,Pune
QR0210,USER0210,TN76AB9411,98XXXX6039,Mumbai
QR0211,USER0211,TN83AB8622,98XXXX7151,Hyderabad
QR0212,USER0212,TN61AB2660,98XXXX2707,Chennai
QR0213,USER0213,TN59AB2461,98XXXX9372,Mumbai
QR0214,USER0214,TN86AB4368,98XXXX3577,Pune
QR0215,USER0215,TN45AB5589,98XXXX8774,Hyderabad
QR0216,USER0216,TN77AB3090,98XXXX7614,Chennai
QR0217,USER0217,TN62AB7466,98XXXX4937,Kochi
QR0218,USER0218,TN73AB8979,98XXXX8496,Chennai
QR0219,USER0219,TN91AB8396,98XXXX3638,Hyderabad
QR0220,USER0220,TN71AB7811,98XXXX6750,Hyderabad
QR0221,USER0221,TN58AB1186,98XXXX9459,Pune
QR0222,USER0222,TN36AB5727,98XXXX4919,Mumbai
QR0223,USER0223,TN66AB4292,98XXXX6901,Delhi
QR0224,USER0224,TN15AB3995,98XXXX4919,Chennai
QR0225,USER0225,TN10AB8173,98XXXX9105,Delhi
QR0226,USER0226,TN32AB3402,98XXXX8818,Hyderabad
QR0227,USER0227,TN80AB6667,98XXXX9337,Pune
QR0228,USER0228,TN57AB4264,98XXXX8113,Delhi
QR0229,USER0229,TN81AB5047,98XXXX9371,Mumbai
QR0230,USER0230,TN74AB8526,98XXXX6870,Kochi
QR0231,USER0231,TN17AB6009,98XXXX8527,Delhi
QR0232,USER0232,TN10AB9266,98XXXX5880,Hyderabad
QR0233,USER0233,TN60AB6105,98XXXX4464,Bangalore
QR0234,USER0234,TN84AB6841,98XXXX1689,Chennai
QR0235,USER0235,TN53AB2786,98XXXX1993,Delhi
QR0236,USER0236,TN94AB4443,98XXXX4858,Bangalore
QR0237,USER0237,TN35AB5148,98XXXX6210,Mumbai
QR0238,USER0238,TN44AB7014,98XXXX2540,Kochi
QR0239,USER0239,TN76AB4962,98XXXX8339,Chennai
QR0240,USER0240,TN56AB7748,98XXXX6012,Chennai
QR0241,USER0241,TN54AB8949,98XXXX8383,Chennai
QR0242,USER0242,TN54AB6015,98XXXX3267,Bangalore
QR0243,USER0243,TN40AB2087,98XXXX5605,Mumbai
QR0244,USER0244,TN84AB5249,98XXXX9275,Mumbai
QR0245,USER0245,TN71AB3793,98XXXX8517,Chennai
QR0246,USER0246,TN93AB5692,98XXXX3265,Mumbai
QR0247,USER0247,TN22AB8092,98XXXX7726,Pune
QR0248,USER0248,TN69AB1977,98XXXX6140,Mumbai
QR0249,USER0249,TN18AB3564,98XXXX7681,Bangalore
QR0250,USER0250,TN94AB5809,98XXXX7088,Pune
QR0251,USER0251,TN83AB9885,98XXXX7033,Hyderabad
QR0252,USER0252,TN82AB8357,98XXXX4448,Kochi
QR0253,USER0253,TN42AB7825,98XXXX8629,Kochi
QR0254,USER0254,TN65AB7553,98XXXX8735,Chennai
QR0255,USER0255,TN18AB1695,98XXXX5749,Bangalore
QR0256,USER0256,TN48AB9565,98XXXX9566,Mumbai
QR0257,USER0257,TN66AB2150,98XXXX4115,Delhi
QR0258,USER0258,TN23AB7236,98XXXX2334,Bangalore
QR0259,USER0259,TN60AB8385,98XXXX4852,Kochi
QR0260,USER0260,TN33AB4803,98XXXX9520,Pune
QR0261,USER0261,TN69AB2835,98XXXX1712,Pune
QR0262,USER0262,TN26AB3726,98XXXX5130,Kochi
QR0263,USER0263,TN75AB1039,98XXXX8699,Hyderabad
QR0264,USER0264,TN45AB7627,98XXXX4935,Delhi
QR0265,USER0265,TN88AB8440,98XXXX3413,Delhi
QR0266,USER0266,TN29AB6207,98XXXX8698,Pune
QR0267,USER0267,TN79AB5788,98XXXX2787,Chennai
QR0268,USER0268,TN33AB2434,98XXXX1775,Mumbai
QR0269,USER0269,TN36AB9430,98XXXX7862,Kochi
QR0270,USER0270,TN98AB2354,98XXXX1834,Bangalore
QR0271,USER0271,TN43AB7000,98XXXX5731,Delhi
QR0272,USER0272,TN45AB9195,98XXXX8867,Mumbai
QR0273,USER0273,TN95AB8308,98XXXX5062,Kochi
QR0274,USER0274,TN68AB2251,98XXXX2817,Hyderabad
QR0275,USER0275,TN42AB1860,98XXXX1799,Mumbai
QR0276,USER0276,TN38AB4703,98XXXX5604,Chennai
QR0277,USER0277,TN52AB4719,98XXXX8838,Delhi
QR0278,USER0278,TN44AB3784,98XXXX3648,Kochi
QR0279,USER0279,TN19AB3196,98XXXX6226,Delhi
QR0280,USER0280,TN41AB6448,98XXXX3198,Kochi
QR0281,USER0281,TN24AB4015,98XXXX7804,Chennai
QR0282,USER0282,TN85AB3563,98XXXX2419,Pune
QR0283,USER0283,TN37AB4042,98XXXX2837,Bangalore
QR0284,USER0284,TN72AB3160,98XXXX2345,Chennai
QR0285,USER0285,TN99AB6689,98XXXX6199,Kochi
QR0286,USER0286,TN91AB7629,98XXXX3694,Kochi
QR0287,USER0287,TN76AB6604,98XXXX2852,Mumbai
QR0288,USER0288,TN15AB2213,98XXXX4969,Pune
QR0289,USER0289,TN33AB7213,98XXXX5514,Delhi
QR0290,USER0290,TN56AB3477,98XXXX8551,Hyderabad
QR0291,USER0291,TN33AB1200,98XXXX2837,Chennai
QR0292,USER0292,TN84AB5772,98XXXX7698,Chennai
QR0293,USER0293,TN50AB7807,98XXXX9151,Mumbai
QR0294,USER0294,TN79AB1505,98XXXX4520,Bangalore
QR0295,USER0295,TN74AB9579,98XXXX1758,Chennai
QR0296,USER0296,TN73AB6061,98XXXX5318,Mumbai
QR0297,USER0297,TN59AB7073,98XXXX8124,Delhi
QR0298,USER0298,TN37AB1212,98XXXX9115,Kochi
QR0299,USER0299,TN89AB4588,98XXXX2972,Delhi
QR0300,USER0300,TN16AB5368,98XXXX9856,Bangalore
